file_name,x1,x2,y1,y2,inference_mask,inference_acc,bbox_area
20210526_163653_1828_1.jpg,471,588,488,632,0,0.9361,16848
20210526_163653_1828_1.jpg,638,1327,30,885,0,0.2708,589095
20210526_163653_1828_1.jpg,442,538,466,584,0,0.1697,11328
20210526_182313_1383_1.jpg,1394,1505,282,426,0,0.1066,15984
20210526_182313_4442_3.jpg,685,749,181,262,1,0.7053,5184
20210526_182313_3152_3.jpg,672,748,193,278,0,0.2019,6460
20210526_182313_2583_3.jpg,681,748,181,261,1,0.3453,5360
20210526_182313_2583_3.jpg,78,208,9,134,0,0.134,16250
20210618_151458_17235_1.jpg,1271,1324,7,60,0,0.5114,2809
20210526_163653_3475_1.jpg,1661,1700,61,106,0,0.1426,1755
20210526_182313_1923_3.jpg,680,756,187,274,0,0.271,6612
20210526_182313_2253_3.jpg,676,753,203,290,0,0.2138,6699
20210526_163653_1232_1.jpg,1470,1590,190,373,0,0.4482,21960
20210526_182313_2463_3.jpg,682,743,182,259,1,0.5319,4697
20210526_182313_1263_1.jpg,1292,1358,144,234,0,0.5019,5940
20210526_182313_1038_3.jpg,689,761,172,261,0,0.3115,6408
20210614_154716_2872_3.jpg,1574,1920,268,740,1,0.1134,163312
20210526_165204_9609_3.jpg,829,1264,46,291,0,0.2299,106575
20210526_170716_1769_3.jpg,835,1260,35,288,0,0.221,107525
20210526_182313_4562_3.jpg,686,764,179,266,0,0.1415,6786
20210526_182313_1728_3.jpg,686,751,180,268,1,0.3894,5720
20210526_182313_1728_3.jpg,1166,1230,2,105,0,0.1952,6592
20210614_154716_15559_3.jpg,1264,1509,854,1068,0,0.5399,52430
20210614_154716_12049_3.jpg,1087,1636,202,504,0,0.1889,165798
20210618_151458_7370_3.jpg,506,722,0,144,0,0.1868,31104
20210526_182313_2373_3.jpg,682,764,185,269,0,0.2733,6888
20210526_182313_2373_3.jpg,631,712,284,366,0,0.2011,6642
20210526_182313_1803_3.jpg,689,759,189,267,0,0.2708,5460
20210526_165204_1700_3.jpg,635,1016,98,543,0,0.106,169545
20210526_182313_13063_1.jpg,1550,1611,69,140,0,0.7884,4331
20210526_182313_13063_1.jpg,1331,1379,69,136,0,0.6822,3216
20210526_165204_1401_3.jpg,882,1239,46,282,0,0.3156,84252
20210526_182313_4352_3.jpg,689,755,178,259,1,0.4138,5346
20210526_182313_5296_3.jpg,677,738,188,262,1,0.3357,4514
20210526_182313_2598_1.jpg,1765,1838,28,155,0,0.3222,9271
20210526_182313_2598_1.jpg,1775,1825,29,98,0,0.1336,3450
20210526_182313_2598_1.jpg,1760,1898,12,229,0,0.1185,29946
20210526_182313_1398_3.jpg,152,288,0,99,0,0.4537,13464
20210526_182313_1398_3.jpg,688,750,183,259,0,0.1929,4712
20210526_182313_1398_3.jpg,644,820,148,354,0,0.1436,36256
20210526_182313_1398_3.jpg,186,270,0,65,0,0.1031,5460
20210526_182313_2013_3.jpg,682,757,188,269,0,0.1811,6075
20210618_151458_4284_1.jpg,1170,1249,84,193,0,0.2885,8611
20210526_182313_12301_3.jpg,82,185,12,117,0,0.1398,10815
20210526_182313_11269_1.jpg,1693,1774,115,239,0,0.2855,10044
20210526_182313_11269_1.jpg,1696,1746,84,136,0,0.1545,2600
20210526_182313_1278_3.jpg,715,772,178,246,0,0.489,3876
20210526_182313_1278_3.jpg,1566,1690,223,378,0,0.2966,19220
20210526_182313_5645_1.jpg,816,927,529,668,0,0.2411,15429
20210526_182313_5645_1.jpg,887,972,536,673,0,0.1301,11645
20210526_182313_5376_3.jpg,678,739,192,267,1,0.2657,4575
20210526_182313_2478_1.jpg,1402,1449,89,148,0,0.8835,2773
20210526_163653_467_1.jpg,1241,1333,434,554,0,0.705,11040
20210526_163653_467_1.jpg,1263,1322,449,513,0,0.3665,3776
20210526_163653_467_1.jpg,1000,1115,477,598,0,0.3659,13915
20210526_163653_467_1.jpg,1049,1160,470,599,0,0.243,14319
20210526_182313_2133_3.jpg,690,738,191,253,0,0.1778,2976
20210526_165204_9594_3.jpg,814,1250,43,297,0,0.1051,110744
20210614_154716_15604_3.jpg,3,50,734,795,0,0.2061,2867
20210526_170716_1206_1.jpg,1182,1262,237,331,0,0.1488,7520
20210526_170716_1206_1.jpg,1183,1274,277,404,0,0.1038,11557
20210526_182313_2703_3.jpg,687,749,185,259,1,0.5074,4588
20210526_182313_1488_3.jpg,685,742,187,259,0,0.1629,4104
20210526_182313_4951_3.jpg,85,214,0,135,0,0.5837,17415
20210526_182313_4951_3.jpg,712,765,187,247,0,0.4685,3180
20210526_182313_4112_3.jpg,676,738,195,267,1,0.4692,4464
20210526_182313_4112_3.jpg,464,1111,27,619,0,0.1985,383024
20210526_163653_2923_1.jpg,1098,1172,375,490,0,0.8608,8510
20210526_163653_2923_1.jpg,820,905,396,493,0,0.1456,8245
20210526_163653_2923_1.jpg,1834,1919,39,218,0,0.1042,15215
20210526_182313_4157_3.jpg,676,743,191,268,1,0.2118,5159
20210526_182313_13078_1.jpg,1073,1132,119,192,0,0.8517,4307
20210526_182313_13078_1.jpg,1346,1419,105,192,0,0.7306,6351
20210526_182313_4951_1.jpg,699,785,307,427,0,0.9832,10320
20210526_182313_4951_1.jpg,462,553,351,462,0,0.5326,10101
20210526_182313_4951_1.jpg,542,690,568,718,0,0.3285,22200
20210526_182313_4951_1.jpg,664,837,503,696,0,0.1669,33389
20210526_182313_4951_1.jpg,422,504,352,454,0,0.1095,8364
20210526_182313_12755_1.jpg,905,976,102,198,0,0.9937,6816
20210526_182313_12755_1.jpg,1408,1466,144,215,0,0.9907,4118
20210614_154716_15604_1.jpg,1310,1359,315,373,0,0.2459,2842
20210614_154716_15604_1.jpg,1613,1661,334,394,0,0.1145,2880
20210614_154716_13351_1.jpg,1542,1583,415,466,0,0.1108,2091
20210526_182313_11254_3.jpg,1350,1510,2,59,0,0.134,9120
20210526_165204_9594_1.jpg,374,1252,17,813,1,0.2078,698888
20210526_182313_1818_3.jpg,686,749,180,263,1,0.1791,5229
20210614_154716_4425_1.jpg,1441,1485,283,330,0,0.3064,2068
20210526_182313_5600_3.jpg,680,741,190,264,0,0.23,4514
20210526_182313_5645_3.jpg,679,739,193,274,1,0.1833,4860
20210526_182313_5645_3.jpg,453,1134,32,632,0,0.1096,408600
20210526_182313_1278_1.jpg,949,991,240,298,0,0.3904,2436
20210526_182313_1278_1.jpg,930,1016,242,356,1,0.105,9804
20210526_182313_1023_3.jpg,698,762,175,251,1,0.1567,4864
20210526_182313_1023_3.jpg,1113,1213,407,491,0,0.1174,8400
20210526_182313_12301_1.jpg,1790,1827,17,66,0,0.1492,1813
20210526_182313_1938_3.jpg,686,745,182,260,1,0.3627,4602
20210526_182313_1398_1.jpg,1609,1654,98,163,0,0.135,2925
20210618_151458_3044_3.jpg,777,889,629,711,0,0.1385,9184
20210526_182313_2598_3.jpg,665,750,196,287,0,0.3009,7735
20210526_182313_2598_3.jpg,637,803,161,359,0,0.1991,32868
20210526_182313_2598_3.jpg,680,737,186,258,1,0.1127,4104
20210526_182313_13063_3.jpg,1463,1595,968,1066,0,0.15,12936
20210526_163653_2938_1.jpg,509,624,617,782,0,0.6922,18975
20210526_163653_2938_1.jpg,86,189,595,723,0,0.5025,13184
20210526_163653_2938_1.jpg,122,229,607,735,0,0.1807,13696
20210526_163653_2938_1.jpg,1745,1788,31,83,0,0.1599,2236
20210526_163653_2938_1.jpg,56,153,580,681,0,0.1311,9797
20210526_163653_2938_1.jpg,72,149,636,728,0,0.1017,7084
20210526_165204_1401_1.jpg,517,1242,27,875,1,0.2524,614800
20210526_165204_1401_1.jpg,547,709,579,797,0,0.1845,35316
20210526_182313_5525_3.jpg,686,744,192,267,1,0.3892,4350
20210614_154716_11711_3.jpg,532,718,272,417,0,0.1796,26970
20210614_154716_11711_3.jpg,1281,1567,315,437,0,0.1146,34892
20210526_182313_2718_3.jpg,686,750,186,259,1,0.4205,4672
20210526_182313_2718_3.jpg,644,822,150,355,0,0.1004,36490
20210614_154716_6359_3.jpg,1701,1847,29,170,0,0.1398,20586
20210614_154716_6359_3.jpg,1101,1636,169,525,0,0.1056,190460
20210526_170716_1769_1.jpg,1385,1698,0,123,1,0.1251,38499
20210614_154716_4403_3.jpg,837,1141,55,360,0,0.1089,92720
20210526_182313_470_1.jpg,599,688,279,390,0,0.3564,9879
20210618_151458_7832_1.jpg,215,358,185,336,0,0.2402,21593
20210618_151458_7832_1.jpg,400,507,518,608,0,0.1867,9630
20210618_151458_7832_1.jpg,214,309,153,252,0,0.114,9405
20210526_182313_5480_3.jpg,681,743,188,269,1,0.4378,5022
20210526_182313_4741_3.jpg,705,779,146,239,0,0.3292,6882
20210526_182313_4741_3.jpg,672,852,59,273,0,0.1671,38520
20210526_182313_5390_3.jpg,683,742,190,264,1,0.1408,4366
20210526_182313_978_3.jpg,687,751,183,264,1,0.3127,5184
20210526_182313_978_3.jpg,646,815,161,368,0,0.2474,34983
20210526_182313_1263_3.jpg,716,772,175,244,0,0.803,3864
20210526_182313_1263_3.jpg,1681,1733,151,203,0,0.4352,2704
20210526_182313_1263_3.jpg,1492,1538,158,207,0,0.1037,2254
20210526_182313_2913_3.jpg,689,749,184,261,1,0.2639,4620
20210614_154716_2872_1.jpg,688,778,386,479,0,0.2542,8370
20210526_182313_5405_3.jpg,681,744,189,266,1,0.1772,4851
20210526_182313_2463_1.jpg,1570,1609,41,90,0,0.1916,1911
20210526_182313_2463_1.jpg,1553,1590,39,85,0,0.1373,1702
20210614_154716_6284_3.jpg,1730,1852,35,179,0,0.1105,17568
20210526_163653_3475_3.jpg,1300,1423,790,875,0,0.1047,10455
20210618_151458_17235_3.jpg,1070,1416,20,204,0,0.2534,63664
20210618_151458_1329_1.jpg,1180,1269,112,230,0,0.3984,10502
20210618_151458_1329_1.jpg,633,751,16,169,0,0.1015,18054
20210526_182313_1383_3.jpg,672,737,183,263,1,0.4939,5200
20210526_182313_1383_3.jpg,275,354,0,34,0,0.1646,2686
20210526_182313_3033_1.jpg,1701,1748,5,61,0,0.2022,2632
20210526_182313_3033_1.jpg,690,1538,0,447,1,0.1331,379056
20210526_182313_2268_3.jpg,668,755,194,288,0,0.2707,8178
20210526_182313_2268_3.jpg,682,735,190,258,1,0.152,3604
20210526_165204_7216_3.jpg,851,1247,36,283,0,0.3674,97812
20210614_154716_15619_1.jpg,1419,1461,315,368,0,0.5048,2226
20210614_154716_15619_1.jpg,1111,1166,344,402,0,0.2285,3190
20210526_182313_4816_3.jpg,681,741,187,263,1,0.1846,4560
20210526_182313_3992_3.jpg,677,741,192,266,1,0.2648,4736
20210526_182313_3377_1.jpg,750,837,406,496,0,0.8982,7830
20210526_182313_3377_1.jpg,415,522,384,507,0,0.8761,13161
20210526_182313_3377_1.jpg,770,883,410,538,0,0.5697,14464
20210526_182313_3332_1.jpg,1740,1779,109,153,0,0.6397,1716
20210526_182313_3332_1.jpg,1743,1786,119,180,0,0.2414,2623
20210526_182313_3332_1.jpg,1745,1825,114,215,1,0.1611,8080
20210526_163653_1813_1.jpg,1047,1116,285,378,0,0.1385,6417
20210526_182313_5311_3.jpg,680,742,189,270,1,0.2353,5022
20210526_182313_3872_3.jpg,676,737,191,263,1,0.6754,4392
20210526_182313_2388_3.jpg,687,756,180,259,0,0.4152,5451
20210526_182313_2388_3.jpg,628,710,282,369,0,0.2291,7134
20210526_182313_2388_3.jpg,641,759,245,366,0,0.1073,14278
20210526_182313_11622_1.jpg,1511,1570,75,144,0,0.6421,4071
20210526_182313_4891_1.jpg,1816,1859,37,82,0,0.1938,1935
20210614_154716_4480_1.jpg,324,434,580,672,0,0.1323,10120
20210614_154716_4480_1.jpg,311,438,534,644,0,0.1152,13970
20210526_182313_4936_3.jpg,131,204,2,78,0,0.1139,5548
20210526_182313_1713_3.jpg,683,760,187,270,0,0.2709,6391
20210526_182313_1713_3.jpg,497,580,367,476,0,0.104,9047
20210614_154716_16181_3.jpg,1141,1366,276,442,0,0.113,37350
20210526_163653_4753_1.jpg,676,1457,28,749,1,0.4053,563101
20210526_182313_3917_3.jpg,682,733,196,260,0,0.2865,3264
20210614_154716_16978_1.jpg,1717,1791,250,342,0,0.1805,6808
20210526_165204_2653_1.jpg,165,1102,0,884,1,0.7491,828308
20210526_165204_2653_1.jpg,98,222,274,422,0,0.2994,18352
20210526_165204_2653_1.jpg,101,171,269,346,0,0.1155,5390
20210618_151458_309_3.jpg,1284,1475,184,342,0,0.1153,30178
20210618_151458_309_3.jpg,765,1438,34,481,0,0.1081,300831
20210618_151458_309_3.jpg,219,306,25,98,0,0.1073,6351
20210526_182313_1473_3.jpg,678,741,186,263,1,0.4727,4851
20210526_182313_4681_3.jpg,693,759,184,264,0,0.2067,5280
20210526_182313_11683_1.jpg,8,108,487,599,0,0.7935,11200
20210526_182313_11683_1.jpg,37,171,522,631,0,0.3283,14606
20210526_182313_11683_1.jpg,6,61,479,563,0,0.2448,4620
20210526_182313_11683_1.jpg,19,94,458,556,0,0.1179,7350
20210618_151458_7235_1.jpg,896,945,712,776,0,0.1468,3136
20210526_182313_2028_3.jpg,680,763,181,268,0,0.4239,7221
20210526_170716_2069_3.jpg,1644,1785,27,185,0,0.1161,22278
20210618_151458_8186_3.jpg,1066,1272,144,307,0,0.3769,33578
20210618_151458_8186_3.jpg,1044,1230,220,406,1,0.2347,34596
20210526_163653_2166_1.jpg,823,948,656,742,0,0.1784,10750
20210526_163653_2166_1.jpg,880,989,656,738,0,0.1245,8938
20210618_151458_17250_3.jpg,821,1386,11,240,0,0.1746,129385
20210614_154716_2850_3.jpg,1178,1766,165,554,0,0.2154,228732
20210614_154716_2850_3.jpg,1652,1808,293,451,0,0.1367,24648
20210526_182313_12508_1.jpg,134,215,381,463,0,0.8792,6642
20210526_182313_12508_1.jpg,1827,1901,207,282,0,0.654,5550
20210526_182313_12508_1.jpg,1576,1635,227,310,0,0.162,4897
20210526_182313_12508_1.jpg,269,432,547,712,0,0.104,26895
20210526_182313_1593_3.jpg,1558,1638,0,100,1,0.3251,8000
20210526_182313_1593_3.jpg,691,768,188,269,0,0.1467,6237
20210526_182313_3092_1.jpg,692,765,220,313,0,0.9762,6789
20210526_163653_10156_1.jpg,697,1426,54,738,1,0.1784,498636
20210526_182313_5116_1.jpg,9,90,669,789,0,0.1134,9720
20210614_154716_8680_3.jpg,137,298,126,284,0,0.1089,25438
20210618_151458_8066_3.jpg,23,229,18,166,0,0.151,30488
20210618_151458_8066_3.jpg,813,919,568,645,0,0.1175,8162
20210526_165204_4982_3.jpg,734,857,391,551,0,0.2469,19680
20210526_165204_4982_3.jpg,861,1256,41,290,0,0.1908,98355
20210614_154716_2817_1.jpg,620,697,471,579,0,0.4677,8316
20210526_182313_4292_1.jpg,551,656,35,162,0,0.1425,13335
20210526_165204_8820_3.jpg,128,179,116,169,0,0.2373,2703
20210526_182313_5071_3.jpg,688,740,187,254,0,0.1287,3484
20210526_182313_5071_3.jpg,670,763,192,294,0,0.1282,9486
20210526_182313_11997_3.jpg,456,1179,36,669,0,0.1345,457659
20210526_165204_2122_1.jpg,394,1145,18,810,1,0.3064,594792
20210526_165204_1685_1.jpg,507,1243,18,759,1,0.1408,545376
20210526_165204_7288_1.jpg,652,728,255,357,0,0.3128,7752
20210618_151458_8202_3.jpg,1698,1912,148,329,1,0.4399,38734
20210526_163653_2633_1.jpg,489,567,434,527,0,0.9177,7254
20210526_163653_2633_1.jpg,500,670,381,574,0,0.3535,32810
20210526_163653_2633_1.jpg,678,749,426,507,0,0.1534,5751
20210526_182313_5540_3.jpg,682,738,191,261,1,0.2082,3920
20210526_182313_5191_3.jpg,687,749,181,259,1,0.1901,4836
20210526_182313_5191_1.jpg,1718,1756,7,47,0,0.5617,1520
20210526_182313_5191_1.jpg,711,1641,17,652,1,0.1169,590550
20210614_154716_12174_3.jpg,564,842,185,413,0,0.2832,63384
20210614_154716_12174_3.jpg,1117,1628,210,511,0,0.2029,153811
20210614_154716_12189_3.jpg,1370,1601,326,503,0,0.1367,40887
20210614_154716_2828_1.jpg,177,259,532,629,0,0.4856,7954
20210526_182313_10606_3.jpg,494,558,17,97,1,0.7346,5120
20210526_165204_7288_3.jpg,854,1264,43,281,0,0.1909,97580
20210526_170716_2054_1.jpg,828,1573,6,680,1,0.169,502130
20210526_182313_12800_1.jpg,1759,1818,66,137,0,0.7173,4189
20210526_182313_12800_1.jpg,1749,1847,187,271,0,0.1521,8232
20210526_182313_3662_3.jpg,684,740,197,259,0,0.5743,3472
20210526_182313_11997_1.jpg,1408,1473,104,181,0,0.8794,5005
20210526_165204_1685_3.jpg,1608,1768,129,324,0,0.1326,31200
20210526_182313_5071_1.jpg,1463,1523,135,205,0,0.9605,4200
20210526_182313_5071_1.jpg,1196,1262,194,272,0,0.7896,5148
20210526_165204_8820_1.jpg,1749,1901,88,331,0,0.1657,36936
20210526_165204_8820_1.jpg,1704,1863,158,359,0,0.1464,31959
20210526_182313_3782_3.jpg,668,755,201,282,0,0.2025,7047
20210526_182313_4292_3.jpg,682,736,197,259,1,0.2053,3348
20210526_182313_4292_3.jpg,675,761,201,288,0,0.2031,7482
20210526_163653_11330_1.jpg,1401,1574,137,339,0,0.467,34946
20210526_163653_11330_1.jpg,1323,1674,56,397,0,0.1239,119691
20210526_163653_2588_1.jpg,1508,1547,132,177,0,0.1687,1755
20210526_165204_4982_1.jpg,528,1261,31,765,1,0.1926,538022
20210614_154716_8680_1.jpg,409,492,347,441,0,0.2166,7802
20210614_154716_8680_1.jpg,380,453,334,433,0,0.1096,7227
20210526_170716_1146_1.jpg,697,1552,31,761,1,0.1879,624150
20210614_154716_15544_3.jpg,1372,1614,828,1049,0,0.7396,53482
20210526_182313_3092_3.jpg,687,746,189,264,1,0.5559,4425
20210526_182313_5116_3.jpg,686,739,189,256,0,0.2034,3551
20210526_182313_5116_3.jpg,676,761,196,283,0,0.1311,7395
20210526_182313_4217_3.jpg,677,736,189,264,1,0.5559,4425
20210526_182313_4217_3.jpg,662,759,196,295,1,0.1242,9603
20210526_182313_3707_3.jpg,681,742,192,266,1,0.2699,4514
20210614_154716_5376_1.jpg,1074,1165,361,441,0,0.3713,7280
20210526_182313_4427_3.jpg,688,739,190,253,0,0.1408,3213
20210526_182313_3137_3.jpg,677,738,192,264,1,0.2647,4392
20210526_170716_2744_1.jpg,727,1311,50,557,0,0.4998,296088
20210618_151458_17250_1.jpg,1127,1225,330,421,0,0.2155,8918
20210614_154716_6158_1.jpg,1377,1418,344,395,0,0.1942,2091
20210526_182313_4726_3.jpg,692,751,175,253,1,0.13,4602
20210526_182313_1473_1.jpg,722,807,369,475,0,0.95,9010
20210526_182313_1473_1.jpg,347,427,443,527,0,0.9224,6720
20210526_182313_1473_1.jpg,979,1036,680,739,0,0.239,3363
20210618_151458_7235_3.jpg,487,734,0,124,0,0.1632,30628
20210618_151458_7235_3.jpg,1081,1422,66,225,0,0.1465,54219
20210618_151458_7235_3.jpg,14,252,15,175,0,0.1121,38080
20210526_182313_2808_3.jpg,682,746,185,261,1,0.6578,4864
20210618_151458_4299_1.jpg,913,1693,91,967,0,0.1891,683280
20210526_182313_3422_3.jpg,674,752,196,272,0,0.3835,5928
20210526_182313_3467_3.jpg,682,734,197,260,0,0.1848,3276
20210526_182313_3467_3.jpg,641,840,140,377,0,0.1545,47163
20210526_182313_3467_3.jpg,668,754,199,293,0,0.1224,8084
20210526_163653_10271_1.jpg,649,811,770,933,0,0.1474,26406
20210526_182313_3257_3.jpg,673,753,198,278,0,0.1834,6400
20210526_182313_3212_3.jpg,679,737,188,263,1,0.1336,4350
20210526_182313_12433_1.jpg,1469,1501,86,126,0,0.1431,1280
20210526_182313_4936_1.jpg,1196,1263,193,269,0,0.9984,5092
20210526_182313_4936_1.jpg,968,1033,239,315,0,0.8103,4940
20210526_182313_1548_3.jpg,687,751,180,261,1,0.2419,5184
20210526_182313_3587_3.jpg,679,738,192,266,1,0.2733,4366
20210526_182313_4097_3.jpg,681,754,192,269,0,0.361,5621
20210526_182313_4891_3.jpg,684,750,181,260,0,0.1667,5214
20210526_170716_260_1.jpg,1641,1706,134,219,1,0.7791,5525
20210526_163653_1524_3.jpg,1403,1548,292,475,1,0.3359,26535
20210526_163653_1524_3.jpg,1408,1488,306,388,0,0.1605,6560
20210526_163653_1524_3.jpg,1360,1519,639,803,0,0.1191,26076
20210526_182313_2928_3.jpg,676,758,188,277,0,0.1993,7298
20210526_182313_4622_3.jpg,681,743,186,266,1,0.6942,4960
20210526_182313_4622_3.jpg,658,806,166,357,1,0.116,28268
20210526_182313_3332_3.jpg,1384,1529,0,117,0,0.2732,16965
20210526_182313_3332_3.jpg,688,747,179,256,1,0.2307,4543
20210526_182313_3377_3.jpg,686,764,175,268,0,0.3354,7254
20210618_151458_7030_3.jpg,792,891,561,639,0,0.107,7722
20210614_154716_15619_3.jpg,1600,1920,242,736,1,0.1139,158080
20210526_163653_10738_1.jpg,662,1496,36,773,1,0.2429,614658
20210526_182313_3033_3.jpg,684,743,185,262,0,0.2344,4543
20210618_151458_8141_1.jpg,1793,1910,245,506,1,0.115,30537
20210526_182313_455_1.jpg,1213,1280,118,201,0,0.9525,5561
20210526_165204_457_3.jpg,1149,1410,90,222,0,0.1066,34452
20210526_182313_754_1.jpg,1035,1098,181,264,0,0.9967,5229
20210526_182313_2148_3.jpg,686,742,187,262,1,0.2995,4200
20210526_163653_11418_3.jpg,837,1233,40,292,0,0.1506,99792
20210526_182313_2523_1.jpg,447,533,306,404,0,0.9985,8428
20210526_182313_2778_3.jpg,690,746,185,260,1,0.2279,4200
20210526_182313_2853_3.jpg,684,747,184,264,1,0.2338,5040
20210526_182313_1323_3.jpg,714,768,181,245,0,0.9212,3456
20210526_165204_8749_1.jpg,489,1309,0,866,1,0.3458,710120
20210526_182313_5585_3.jpg,685,744,188,266,1,0.3633,4602
20210614_154716_15293_3.jpg,1100,1297,749,934,0,0.8983,36445
20210614_154716_15293_3.jpg,1180,1380,741,912,0,0.6768,34200
20210526_163653_2998_1.jpg,800,858,293,378,0,0.6018,4930
20210526_182313_13079_1.jpg,1053,1108,120,194,0,0.9705,4070
20210526_182313_13079_1.jpg,1329,1380,115,183,0,0.4978,3468
20210526_182313_2658_3.jpg,685,743,185,264,0,0.2169,4582
20210526_182313_2658_3.jpg,656,821,140,347,0,0.1346,34155
20210526_182313_1203_3.jpg,689,750,183,260,1,0.1555,4697
20210526_182313_5420_3.jpg,681,743,187,265,1,0.3296,4836
20210526_182313_5420_3.jpg,667,763,194,301,0,0.127,10272
20210526_182313_5420_3.jpg,660,815,169,371,0,0.1154,31310
20210526_182313_5465_3.jpg,684,744,189,265,1,0.2906,4560
20210526_165204_1996_1.jpg,307,375,336,431,0,0.8686,6460
20210526_165204_1996_1.jpg,533,1236,42,818,1,0.8582,545528
20210526_165204_1996_1.jpg,330,415,333,438,0,0.7547,8925
20210526_182313_918_3.jpg,686,770,192,289,0,0.1354,8148
20210526_170716_1221_1.jpg,522,645,407,578,0,0.5892,21033
20210526_170716_1221_1.jpg,278,355,564,636,0,0.3956,5544
20210526_170716_1221_1.jpg,499,581,403,514,0,0.243,9102
20210526_170716_1221_1.jpg,324,423,653,803,0,0.1471,14850
20210526_182313_1083_3.jpg,685,752,181,260,1,0.4829,5293
20210526_182313_1083_3.jpg,1568,1750,25,257,0,0.1059,42224
20210618_151458_11308_3.jpg,876,951,22,107,0,0.1183,6375
20210526_182313_1878_3.jpg,686,749,180,259,1,0.3317,4977
20210614_154716_15664_1.jpg,609,700,469,584,0,0.9864,10465
20210614_154716_15664_1.jpg,3,144,783,960,0,0.3861,24957
20210526_182313_2538_3.jpg,696,764,172,252,1,0.5275,5440
20210526_182313_5236_1.jpg,1079,1146,110,195,0,0.998,5695
20210614_154716_8619_3.jpg,269,480,14,260,0,0.233,51906
20210526_182313_2763_1.jpg,1061,1216,393,577,0,0.5321,28520
20210526_182313_12770_1.jpg,965,1037,261,343,0,0.997,5904
20210526_182313_12770_1.jpg,430,545,177,303,0,0.891,14490
20210526_182313_1998_3.jpg,687,756,189,267,0,0.1015,5382
20210526_182313_6821_3.jpg,61,147,98,198,0,0.7472,8600
20210526_182313_6821_3.jpg,86,120,21,54,0,0.5658,1122
20210526_182313_6821_3.jpg,677,737,192,266,1,0.3388,4440
20210526_182313_6821_3.jpg,84,128,25,76,0,0.1488,2244
20210614_154716_10963_3.jpg,1085,1627,197,518,0,0.1153,173982
20210618_151458_10604_3.jpg,243,323,32,97,0,0.1445,5200
20210614_154716_17059_3.jpg,1080,1766,95,597,0,0.1442,344372
20210526_182313_1428_1.jpg,1708,1747,45,86,0,0.8322,1599
20210526_182313_1428_1.jpg,1863,1920,65,223,0,0.2584,9006
20210526_182313_5660_3.jpg,682,744,195,270,1,0.4685,4650
20210526_182313_1218_1.jpg,1750,1903,3,185,0,0.157,27846
20210618_151458_5005_3.jpg,657,1071,0,97,0,0.1161,40158
20210618_151458_5005_3.jpg,623,718,816,906,0,0.1062,8550
20210526_182313_2643_1.jpg,1530,1580,160,214,0,0.8246,2700
20210526_182313_2643_1.jpg,1210,1264,140,218,0,0.6453,4212
20210526_182313_2643_1.jpg,1640,1706,317,384,0,0.1118,4422
20210614_154716_5277_3.jpg,248,487,24,274,0,0.1508,59750
20210526_182313_859_3.jpg,681,759,187,268,0,0.1828,6318
20210526_182313_2418_3.jpg,676,738,184,267,1,0.5265,5146
20210618_151458_294_3.jpg,978,1095,155,257,0,0.1153,11934
20210618_151458_294_3.jpg,691,1382,43,516,0,0.1123,326843
20210526_163653_2863_3.jpg,36,210,0,157,0,0.1893,27318
20210526_182313_2193_3.jpg,686,762,188,270,0,0.2423,6232
20210526_182313_903_3.jpg,685,747,183,260,0,0.3126,4774
20210526_182313_3542_3.jpg,681,746,191,278,1,0.3125,5655
20210526_182313_4052_3.jpg,675,735,189,267,1,0.5003,4680
20210526_165204_9536_1.jpg,1668,1723,1,29,0,0.1204,1540
20210526_182313_2643_3.jpg,672,753,196,277,0,0.2379,6561
20210618_151458_5005_1.jpg,593,707,57,171,0,0.4174,12996
20210526_182313_11314_1.jpg,869,931,293,396,0,0.9301,6386
20210526_182313_11314_1.jpg,885,978,288,394,0,0.1359,9858
20210526_182313_12027_1.jpg,683,769,287,387,0,0.9912,8600
20210526_182313_1218_3.jpg,687,747,184,262,1,0.2677,4680
20210526_182313_5660_1.jpg,1344,1432,325,422,0,0.2124,8536
20210526_182313_1428_3.jpg,686,748,183,258,0,0.2,4650
20210614_154716_17059_1.jpg,1115,1166,266,323,0,0.7913,2907
20210614_154716_17059_1.jpg,1411,1467,264,340,0,0.2611,4256
20210614_154716_17059_1.jpg,1361,1443,255,348,0,0.1053,7626
20210526_182313_2073_3.jpg,685,740,187,260,1,0.2571,4015
20210526_163653_2983_1.jpg,1154,1200,189,251,0,0.5788,2852
20210614_154716_4447_1.jpg,1203,1260,330,404,0,0.619,4218
20210614_154716_10963_1.jpg,1742,1910,382,535,0,0.1086,25704
20210526_182313_6821_1.jpg,689,774,149,248,0,0.9812,8415
20210526_182313_6821_1.jpg,958,1043,212,315,0,0.9364,8755
20210526_182313_6821_1.jpg,1545,1598,15,76,0,0.9256,3233
20210526_182313_6821_1.jpg,1180,1236,112,168,0,0.914,3136
20210526_182313_6821_1.jpg,1753,1809,15,85,0,0.8818,3920
20210526_182313_6821_1.jpg,1843,1888,13,72,0,0.847,2655
20210526_182313_6821_1.jpg,1407,1445,51,92,0,0.6583,1558
20210526_182313_6821_1.jpg,934,998,199,276,0,0.1183,4928
20210526_182313_6821_1.jpg,1756,1905,18,244,0,0.1008,33674
20210526_182313_4172_3.jpg,1464,1655,0,125,0,0.2586,23875
20210526_182313_4172_3.jpg,671,755,196,279,0,0.2536,6972
20210526_165204_1312_1.jpg,606,1379,19,737,1,0.4338,555014
20210526_165204_1312_1.jpg,450,519,233,319,0,0.2257,5934
20210526_165204_8879_1.jpg,649,1391,37,694,0,0.3336,487494
20210526_182313_2763_3.jpg,685,748,182,259,1,0.3936,4851
20210526_182313_5236_3.jpg,680,743,188,271,1,0.3768,5229
20210526_182313_1338_3.jpg,705,762,176,244,0,0.2479,3876
20210526_182313_11329_1.jpg,138,243,480,589,0,0.9559,11445
20210526_182313_11329_1.jpg,966,1012,150,203,0,0.1303,2438
20210614_154716_2544_3.jpg,270,481,43,250,0,0.1049,43677
20210526_182313_1083_1.jpg,1104,1175,147,234,0,0.9405,6177
20210618_151458_11308_1.jpg,0,603,0,799,0,0.1072,481797
20210526_170716_1386_1.jpg,728,1508,38,726,1,0.1462,536640
20210526_182313_1788_3.jpg,687,748,183,261,1,0.2564,4758
20210526_182313_769_3.jpg,712,780,166,236,1,0.5402,4760
20210526_182313_769_3.jpg,722,815,139,248,0,0.1425,10137
20210618_151458_7445_3.jpg,235,322,32,103,0,0.1357,6177
20210618_151458_7400_3.jpg,1842,1920,811,999,1,0.314,14664
20210618_151458_7400_3.jpg,1796,1920,753,1040,1,0.1814,35588
20210526_182313_2658_1.jpg,809,873,241,323,0,0.9791,5248
20210526_182313_2658_1.jpg,1208,1274,259,341,0,0.6469,5412
20210526_182313_2658_1.jpg,834,969,299,499,0,0.1579,27000
20210526_182313_2403_3.jpg,678,739,186,272,1,0.4654,5246
20210526_182313_1594_3.jpg,693,756,181,253,0,0.2062,4536
20210526_182313_1594_3.jpg,1571,1662,0,115,1,0.1601,10465
20210526_182313_1668_3.jpg,687,748,184,260,1,0.2352,4636
20210614_154716_12109_3.jpg,1181,1708,205,539,0,0.1451,176018
20210614_154716_10978_3.jpg,1063,1115,306,355,0,0.9324,2548
20210526_165204_8749_3.jpg,521,1176,53,631,0,0.1045,378590
20210526_182313_1983_3.jpg,688,747,181,260,1,0.556,4661
20210618_151458_8900_1.jpg,561,663,921,1019,0,0.2787,9996
20210526_163653_3490_1.jpg,1492,1551,94,170,0,0.1554,4484
20210526_163653_3490_1.jpg,661,796,768,908,0,0.1052,18900
20210526_163653_3490_1.jpg,713,846,739,887,0,0.1035,19684
20210526_182313_2523_3.jpg,697,766,170,253,0,0.4846,5727
20210526_182313_2313_3.jpg,687,758,190,265,0,0.3002,5325
20210526_182313_1863_3.jpg,685,760,189,274,0,0.3191,6375
20210526_163653_11418_1.jpg,423,1129,34,795,1,0.1556,537266
20210526_163653_11418_1.jpg,24,832,126,1048,1,0.138,744976
20210526_163653_2634_1.jpg,453,533,456,538,0,0.7371,6560
20210526_163653_2634_1.jpg,466,617,488,675,0,0.2643,28237
20210526_163653_2634_1.jpg,622,703,451,550,0,0.1557,8019
20210526_163653_2634_1.jpg,475,574,448,548,0,0.1028,9900
20210526_182313_754_3.jpg,571,637,162,234,1,0.7075,4752
20210526_182313_754_3.jpg,450,1119,57,672,0,0.1373,411435
20210526_165204_457_1.jpg,427,1206,28,823,1,0.5239,619305
20210614_154716_8544_1.jpg,447,628,4,115,0,0.1158,20091
20210526_182313_4547_3.jpg,687,747,184,258,1,0.3693,4440
20210526_182313_4502_3.jpg,692,754,182,255,1,0.2514,4526
20210618_151458_8141_3.jpg,13,241,17,184,0,0.1173,38076
20210618_151458_7817_3.jpg,13,253,12,154,0,0.1107,34080
20210526_182313_1098_3.jpg,694,754,180,256,1,0.1566,4560
20210526_182313_1098_3.jpg,1305,1466,22,175,0,0.101,24633
20210526_165204_1297_1.jpg,1217,1253,85,130,0,0.1659,1620
20210618_151458_7135_3.jpg,627,723,817,901,0,0.1134,8064
20210618_151458_7976_3.jpg,1034,1347,45,220,0,0.1673,54775
20210526_182313_3272_3.jpg,678,740,191,267,1,0.5709,4712
20210526_182313_5251_1.jpg,632,711,202,299,0,0.9997,7663
20210526_182313_11638_1.jpg,1302,1375,118,195,0,0.7373,5621
20210526_182313_3407_3.jpg,680,737,189,259,1,0.1663,3990
20210526_182313_2868_3.jpg,681,745,184,262,1,0.2343,4992
20210526_182313_1143_1.jpg,1762,1803,34,75,0,0.5317,1681
20210526_182313_1143_1.jpg,1754,1919,22,236,0,0.1262,35310
20210526_182313_3392_3.jpg,676,738,188,262,1,0.347,4588
20210614_154716_5332_1.jpg,113,298,748,963,0,0.3054,39775
20210526_163653_1602_1.jpg,1108,1675,0,277,1,0.4115,157059
20210526_163653_1602_1.jpg,1276,1334,288,383,0,0.1287,5510
20210526_182313_3482_3.jpg,681,749,192,279,1,0.2296,5916
20210526_163653_2574_1.jpg,1642,1674,83,121,0,0.2187,1216
20210526_163653_2574_1.jpg,1439,1487,41,102,0,0.1765,2928
20210614_154716_16166_3.jpg,1660,1903,392,519,1,0.2488,30861
20210614_154716_16166_3.jpg,175,438,53,310,0,0.1095,67591
20210526_165204_8864_1.jpg,612,1329,10,770,1,0.1295,544920
20210526_182313_3317_3.jpg,678,742,184,266,1,0.7353,5248
20210526_163653_2589_1.jpg,1501,1544,130,182,0,0.6704,2236
20210526_163653_2589_1.jpg,1620,1672,109,176,0,0.2977,3484
20210526_163653_2589_1.jpg,1628,1703,112,218,0,0.1103,7950
20210526_165204_9551_3.jpg,860,1261,53,288,0,0.1527,94235
20210614_154716_5255_3.jpg,1540,1920,184,778,1,0.1538,225720
20210526_182313_3812_1.jpg,754,796,183,227,0,0.4592,1848
20210526_165204_7231_3.jpg,834,1277,39,287,0,0.1769,109864
20210526_182313_3527_3.jpg,678,739,192,268,1,0.4916,4636
20210526_182313_4037_3.jpg,686,737,194,257,0,0.1978,3213
20210526_182313_4831_3.jpg,678,743,185,264,1,0.2165,5135
20210526_182313_12493_1.jpg,592,662,280,364,0,0.3463,5880
20210526_182313_12493_1.jpg,1532,1602,291,351,0,0.1093,4200
20210526_182313_12493_1.jpg,1161,1239,360,458,0,0.1059,7644
20210526_182313_4666_3.jpg,684,744,183,257,1,0.3289,4440
20210526_182313_5011_1.jpg,1761,1857,79,215,0,0.1307,13056
20210526_182313_11056_3.jpg,1801,1920,106,337,0,0.1528,27489
20210526_182313_11056_3.jpg,458,1201,30,682,0,0.1057,484436
20210614_154716_8665_1.jpg,820,886,312,403,0,0.1149,6006
20210526_182313_3077_3.jpg,687,738,193,256,0,0.1756,3213
20210526_182313_3077_3.jpg,672,760,197,277,0,0.1185,7040
20210526_182313_3602_3.jpg,679,733,197,263,0,0.4468,3564
20210526_182313_3647_3.jpg,676,741,192,269,1,0.2406,5005
20210618_151458_7295_3.jpg,433,493,21,108,0,0.1902,5220
20210526_182313_10666_3.jpg,1134,1247,107,255,1,0.9785,16724
20210526_163653_10624_1.jpg,691,1526,34,724,1,0.5083,576150
20210526_163653_1783_1.jpg,1567,1618,102,172,0,0.1315,3570
20210526_182313_5056_3.jpg,689,759,187,265,0,0.2255,5460
20210526_182313_4487_3.jpg,691,748,184,255,1,0.5325,4047
20210526_182313_3197_3.jpg,665,755,199,280,0,0.2553,7290
20210526_182313_3197_3.jpg,681,733,194,259,1,0.1756,3380
20210526_182313_1158_3.jpg,671,754,194,288,0,0.2635,7802
20210526_182313_1158_3.jpg,660,813,160,348,0,0.1294,28764
20210618_151458_8126_1.jpg,897,944,713,776,0,0.107,2961
20210526_163653_188_3.jpg,565,1011,107,563,0,0.2244,203376
20210526_182313_4397_3.jpg,686,734,188,252,0,0.1559,3072
20210526_165204_7540_3.jpg,875,1214,46,235,0,0.1138,64071
20210526_170716_2460_1.jpg,585,1243,21,778,1,0.1018,498106
20210526_163653_3318_1.jpg,958,1101,495,702,0,0.2645,29601
20210526_163653_3318_1.jpg,854,901,215,281,0,0.231,3102
20210526_163653_3318_1.jpg,848,926,213,315,0,0.221,7956
20210526_163653_10171_1.jpg,402,1164,4,807,1,0.2824,611886
20210526_163653_10171_1.jpg,32,699,24,859,1,0.2038,556945
20210526_165204_4342_3.jpg,751,840,409,550,0,0.1199,12549
20210526_182313_3767_3.jpg,679,738,193,267,1,0.2824,4366
20210526_182313_4277_3.jpg,678,740,191,261,0,0.3742,4340
20210526_182313_3722_3.jpg,681,742,195,269,1,0.2892,4514
20210526_182313_4232_3.jpg,684,743,192,265,1,0.3161,4307
20210526_165204_4634_1.jpg,91,803,138,903,1,0.2513,544680
20210526_163653_11390_1.jpg,505,1157,37,808,1,0.1698,502692
20210614_154716_12034_3.jpg,1082,1706,130,556,0,0.1798,265824
20210526_182313_5176_3.jpg,683,745,183,261,0,0.3195,4836
20210526_182313_5176_3.jpg,1494,1593,892,973,0,0.2343,8019
20210526_165204_4634_3.jpg,863,1247,40,294,0,0.3736,97536
20210618_151458_14200_1.jpg,1165,1234,23,95,0,0.1108,4968
20210526_163653_11390_3.jpg,822,1215,42,282,0,0.2293,94320
20210526_182313_3767_1.jpg,1374,1404,74,114,0,0.1567,1200
20210526_170716_1161_1.jpg,1830,1920,0,90,0,0.1383,8100
20210526_170716_1161_1.jpg,1875,1920,25,96,0,0.1382,3195
20210526_170716_1161_1.jpg,700,1496,28,748,1,0.1229,573120
20210526_182313_5131_3.jpg,671,760,201,287,0,0.1599,7654
20210526_182313_5131_3.jpg,682,739,187,259,0,0.1056,4104
20210526_182313_4397_1.jpg,571,667,322,432,0,0.9994,10560
20210526_182313_4397_1.jpg,895,983,347,454,0,0.9894,9416
20210618_151458_7578_1.jpg,267,482,620,734,0,0.1252,24510
20210526_165204_7540_1.jpg,857,898,204,250,0,0.1327,1886
20210526_182313_1413_3.jpg,61,165,11,133,0,0.3843,12688
20210526_182313_1413_3.jpg,690,750,185,259,0,0.364,4440
20210526_182313_1413_3.jpg,632,812,130,352,0,0.2304,39960
20210526_182313_1413_3.jpg,661,759,184,294,0,0.1347,10780
20210526_182313_1158_1.jpg,1447,1504,140,205,0,0.9748,3705
20210526_182313_1158_1.jpg,1453,1595,229,383,0,0.1069,21868
20210618_151458_8126_3.jpg,21,237,19,177,0,0.1244,34128
20210618_151458_8126_3.jpg,242,316,35,99,0,0.1194,4736
20210526_163653_1783_3.jpg,1263,1363,688,770,0,0.1046,8200
20210526_182313_5056_1.jpg,1644,1696,90,152,0,0.6872,3224
20210526_182313_5056_1.jpg,1446,1490,141,196,0,0.602,2420
20210526_182313_11011_3.jpg,449,1133,39,669,0,0.1074,430920
20210526_170716_160_3.jpg,989,1122,375,482,0,0.3095,14231
20210526_170716_160_3.jpg,838,1235,38,302,0,0.1776,104808
20210618_151458_8081_1.jpg,1686,1751,148,244,0,0.2063,6240
20210526_182313_2088_3.jpg,679,752,190,268,0,0.171,5694
20210526_182313_12448_1.jpg,1338,1378,125,175,0,0.1745,2000
20210526_182313_3077_1.jpg,1117,1185,146,218,0,0.9711,4896
20210526_182313_11056_1.jpg,234,312,381,471,0,0.5046,7020
20210526_182313_5011_3.jpg,710,771,178,254,1,0.3459,4636
20210526_182313_5011_3.jpg,145,284,148,354,1,0.3307,28634
20210526_182313_5011_3.jpg,661,823,117,333,0,0.1108,34992
20210526_170716_1428_1.jpg,358,1195,24,861,1,0.4896,700569
20210526_170716_1428_1.jpg,326,398,337,423,0,0.4728,6192
20210526_182313_10621_3.jpg,405,461,56,118,0,0.1413,3472
20210526_182313_1533_3.jpg,1422,1638,7,204,0,0.6431,42552
20210526_182313_1533_3.jpg,682,747,180,262,1,0.2111,5330
20210526_182313_1533_3.jpg,1525,1697,2,173,0,0.1303,29412
20210614_154716_2559_1.jpg,1102,1149,344,399,0,0.1824,2585
20210614_154716_17086_1.jpg,857,937,332,439,0,0.8783,8560
20210614_154716_17086_1.jpg,470,565,350,454,0,0.7026,9880
20210614_154716_17086_1.jpg,491,636,533,740,0,0.1878,30015
20210614_154716_17086_1.jpg,835,912,320,418,0,0.1281,7546
20210526_182313_11607_1.jpg,1667,1715,38,90,0,0.753,2496
20210526_182313_11607_1.jpg,1649,1748,18,108,0,0.3078,8910
20210526_170716_1655_1.jpg,728,1490,36,748,1,0.1595,542544
20210526_182313_3812_3.jpg,678,731,193,260,1,0.4286,3551
20210526_182313_3812_3.jpg,665,750,200,287,0,0.1327,7395
20210526_182313_4996_3.jpg,711,773,178,257,1,0.8109,4898
20210526_182313_3857_3.jpg,675,736,193,263,1,0.3091,4270
20210526_165204_9551_1.jpg,1255,1310,40,114,0,0.8435,4070
20210526_165204_9551_1.jpg,1285,1620,51,350,0,0.2576,100165
20210526_165204_9551_1.jpg,1324,1729,7,214,1,0.2012,83835
20210526_163653_3303_1.jpg,582,724,729,904,0,0.5424,24850
20210526_163653_3303_1.jpg,1157,1761,0,248,1,0.3453,149792
20210526_163653_3303_1.jpg,1199,1232,110,153,0,0.1744,1419
20210526_170716_2249_3.jpg,844,1280,41,307,1,0.1708,115976
20210526_182313_3317_1.jpg,1852,1891,62,109,0,0.1669,1833
20210526_182313_4876_3.jpg,684,757,184,268,0,0.2062,6132
20210526_182313_1653_3.jpg,684,748,179,261,1,0.2945,5248
20210618_151458_7563_3.jpg,170,276,549,640,0,0.125,9646
20210526_182313_2208_3.jpg,679,738,187,263,1,0.1865,4484
20210526_182313_2208_3.jpg,660,754,199,293,0,0.1156,8836
20210614_154716_11569_3.jpg,1569,1623,308,362,0,0.7709,2916
20210614_154716_11569_3.jpg,1150,1544,179,497,0,0.1464,125292
20210526_170716_1513_3.jpg,834,1274,47,299,0,0.1173,110880
20210526_163653_1798_1.jpg,1361,1410,175,246,0,0.931,3479
20210526_182313_1143_3.jpg,724,779,166,232,0,0.2531,3630
20210526_182313_3977_3.jpg,693,750,200,260,0,0.18,3420
20210526_182313_3932_3.jpg,681,756,190,269,0,0.3303,5925
20210618_151458_7090_1.jpg,1260,1486,175,384,0,0.1135,47234
20210526_182313_5251_3.jpg,675,738,188,268,1,0.2553,5040
20210614_154716_4458_1.jpg,1042,1112,363,439,0,0.1205,5320
20210526_182313_844_3.jpg,691,750,182,262,1,0.2161,4720
20210526_165204_1297_3.jpg,628,999,125,503,0,0.1659,140238
20210526_182313_1773_3.jpg,689,749,185,262,1,0.4242,4620
20210618_151458_8187_3.jpg,1095,1289,166,350,0,0.1587,35696
20210618_151458_7976_1.jpg,624,692,598,688,0,0.1414,6120
20210618_151458_7976_1.jpg,1621,1743,608,679,0,0.1068,8662
20210526_182313_2328_3.jpg,687,739,188,255,0,0.1781,3484
20210526_182313_3062_1.jpg,1396,1445,83,139,0,0.7789,2744
20210526_182313_425_1.jpg,1664,1700,21,65,0,0.175,1584
20210526_182313_12418_1.jpg,1583,1616,52,94,0,0.1454,1386
20210526_165204_4174_3.jpg,830,1258,36,287,0,0.1243,107428
20210618_151458_8096_3.jpg,18,257,9,174,0,0.1472,39435
20210526_182313_5041_3.jpg,681,756,188,269,0,0.1549,6075
20210526_165204_9624_1.jpg,735,865,396,557,0,0.1793,20930
20210526_170716_1784_1.jpg,830,1548,0,660,1,0.1726,473880
20210526_182313_1563_3.jpg,683,764,186,273,0,0.1929,7047
20210526_163653_2196_1.jpg,403,1184,27,898,0,0.1399,680251
20210526_165204_5892_3.jpg,850,1280,43,277,0,0.1005,100620
20210526_182313_5570_3.jpg,685,746,190,265,1,0.1952,4575
20210526_182313_2823_3.jpg,686,747,182,258,0,0.2624,4636
20210526_170716_175_3.jpg,827,1246,36,281,0,0.1056,102655
20210526_163653_2603_1.jpg,1285,1336,185,242,0,0.6295,2907
20210526_163653_2603_1.jpg,1413,1473,169,241,0,0.1429,4320
20210526_163653_2603_1.jpg,1429,1516,197,329,0,0.1166,11484
20210526_182313_3107_1.jpg,0,68,347,488,0,0.3882,9588
20210526_182313_5161_3.jpg,684,743,185,256,0,0.3821,4189
20210526_170716_1131_1.jpg,455,1260,5,805,1,0.2266,644000
20210526_182313_888_3.jpg,687,739,190,251,0,0.4709,3172
20210526_182313_3018_3.jpg,680,741,186,267,1,0.5665,4941
20210614_154716_4469_1.jpg,717,787,383,456,0,0.6978,5110
20210614_154716_4469_1.jpg,723,811,391,494,0,0.2313,9064
20210526_182313_4382_1.jpg,1588,1635,122,180,0,0.8485,2726
20210526_182313_4382_1.jpg,1368,1419,109,170,0,0.8026,3111
20210614_154716_17032_1.jpg,1451,1492,239,282,0,0.3001,1763
20210526_182313_1443_3.jpg,688,752,180,264,1,0.1726,5376
20210526_182313_5450_3.jpg,676,737,188,268,1,0.2315,4880
20210526_182313_2628_3.jpg,677,738,187,263,1,0.3737,4636
20210614_154716_12064_1.jpg,1517,1593,351,445,0,0.1135,7144
20210526_170716_1176_3.jpg,817,1271,41,293,0,0.1957,114408
20210618_151458_8565_1.jpg,532,703,468,613,0,0.152,24795
20210614_154716_15346_3.jpg,1263,1501,854,1073,0,0.6875,52122
20210618_151458_14215_1.jpg,721,851,352,513,0,0.1547,20930
20210526_163653_3273_1.jpg,1534,1565,66,103,0,0.1918,1147
20210614_154716_15282_3.jpg,1030,1194,739,936,0,0.2227,32308
20210526_165204_1282_3.jpg,860,1248,42,287,0,0.1742,95060
20210526_182313_814_3.jpg,693,759,180,250,0,0.2749,4620
20210526_182313_4906_3.jpg,689,754,181,259,0,0.1886,5070
20210526_182313_4906_3.jpg,201,268,1,40,0,0.1131,2613
20210526_165204_5373_1.jpg,670,1529,0,633,1,0.1708,543747
20210526_182313_1113_3.jpg,142,264,0,108,0,0.1264,13176
20210526_163653_2707_1.jpg,644,1259,29,857,0,0.362,509220
20210526_163653_2707_1.jpg,498,598,452,550,0,0.1958,9800
20210618_151458_7961_3.jpg,245,325,34,105,0,0.1236,5680
20210526_182313_2298_3.jpg,684,755,188,271,0,0.2383,5893
20210526_182313_3962_3.jpg,680,757,194,266,0,0.3239,5544
20210526_165204_8993_1.jpg,775,828,234,308,0,0.6077,3922
20210526_165204_8993_1.jpg,748,885,368,498,0,0.2724,17810
20210526_182313_3347_1.jpg,1304,1365,138,221,0,0.6789,5063
20210526_182313_3347_1.jpg,1553,1609,147,215,0,0.5099,3808
20210526_182313_12785_1.jpg,165,303,463,598,0,0.7996,18630
20210526_182313_12785_1.jpg,281,376,388,467,0,0.1255,7505
20210526_182313_1458_1.jpg,1136,1194,193,264,0,0.9999,4118
20210526_182313_1458_1.jpg,1379,1440,141,217,0,0.9188,4636
20210614_154716_17237_1.jpg,137,291,7,73,0,0.1724,10164
20210526_170716_1543_3.jpg,836,1259,42,305,0,0.1803,111249
20210526_182313_829_3.jpg,1610,1850,257,526,0,0.5592,64560
20210526_182313_829_3.jpg,688,760,187,263,0,0.3322,5472
20210526_182313_829_3.jpg,1726,1790,186,250,0,0.2941,4096
20210614_154716_12509_1.jpg,442,519,410,496,0,0.1022,6622
20210526_182313_4022_1.jpg,1790,1823,94,147,0,0.2283,1749
20210526_182313_4022_1.jpg,1755,1838,87,168,0,0.167,6723
20210526_182313_3842_3.jpg,668,748,194,273,0,0.4101,6320
20210526_182313_3842_1.jpg,123,183,295,358,0,0.6243,3780
20210614_154716_15318_3.jpg,1134,1338,737,946,0,0.9647,42636
20210526_182313_4067_3.jpg,672,757,196,271,0,0.3226,6375
20210526_182313_4022_3.jpg,681,734,196,260,1,0.241,3392
20210526_182313_4861_3.jpg,684,744,186,263,1,0.1364,4620
20210526_182313_12012_1.jpg,1148,1214,172,251,0,0.997,5214
20210526_182313_829_1.jpg,568,673,592,743,0,0.5992,15855
20210526_182313_829_1.jpg,485,644,576,748,0,0.4641,27348
20210526_182313_4981_3.jpg,708,763,183,243,0,0.3258,3300
20210526_182313_4981_3.jpg,3,66,12,164,0,0.1101,9576
20210526_182313_3003_3.jpg,677,737,186,266,1,0.6586,4800
20210526_182313_4187_3.jpg,682,741,190,265,1,0.3267,4425
20210526_182313_3497_3.jpg,675,739,192,268,0,0.2964,4864
20210614_154716_17237_3.jpg,1552,1892,215,692,1,0.2095,162180
20210526_163653_1617_1.jpg,869,1606,17,721,0,0.4408,518848
20210526_163653_1617_1.jpg,848,917,250,350,0,0.1906,6900
20210614_154716_16237_3.jpg,249,466,108,300,0,0.106,41664
20210526_182313_12785_3.jpg,4,104,1,124,0,0.1473,12300
20210526_182313_1458_3.jpg,682,758,193,269,0,0.1765,5776
20210618_151458_7045_3.jpg,11,222,7,197,0,0.1804,40090
20210526_182313_3302_3.jpg,680,741,192,262,1,0.3619,4270
20210526_182313_3347_3.jpg,674,738,189,264,1,0.2164,4800
20210526_170716_89_3.jpg,598,943,96,592,0,0.3627,171120
20210526_182313_11284_1.jpg,1511,1575,114,192,0,0.2768,4992
20210526_170716_2219_1.jpg,1841,1907,72,184,0,0.1284,7392
20210618_151458_4269_1.jpg,1436,1681,0,83,0,0.1809,20335
20210526_163653_2618_1.jpg,985,1033,277,349,0,0.2983,3456
20210526_165204_1327_1.jpg,682,1506,21,650,1,0.1264,518296
20210526_182313_11668_1.jpg,669,778,294,412,0,0.9733,12862
20210614_154716_15515_3.jpg,1223,1326,813,984,0,0.2196,17613
20210614_154716_15515_3.jpg,1265,1457,807,1024,0,0.1025,41664
20210526_182313_2838_3.jpg,680,756,187,273,0,0.1581,6536
20210526_165204_5373_3.jpg,868,1234,45,272,0,0.1666,83082
20210526_182313_1578_3.jpg,1397,1527,1,152,0,0.2668,19630
20210526_182313_1578_3.jpg,1289,1483,16,216,0,0.1366,38800
20210526_182313_11359_1.jpg,305,363,278,336,0,0.5572,3364
20210526_182313_4906_1.jpg,1692,1740,71,129,0,0.2114,2784
20210526_182313_4906_1.jpg,1504,1547,82,134,0,0.1331,2236
20210526_182313_4906_1.jpg,1670,1738,61,152,0,0.1016,6188
20210526_182313_3737_3.jpg,678,742,191,265,0,0.342,4736
20210526_182313_4262_3.jpg,672,737,191,269,1,0.3078,5070
20210614_154716_15589_3.jpg,1654,1920,367,593,0,0.1064,60116
20210526_182313_11967_1.jpg,1732,1767,41,78,0,0.1667,1295
20210526_182313_11967_1.jpg,669,1527,0,419,1,0.1501,359502
20210526_170716_1176_1.jpg,1654,1750,197,332,0,0.6554,12960
20210526_170716_1176_1.jpg,1727,1788,63,140,0,0.3358,4697
20210526_170716_1176_1.jpg,1665,1727,224,307,0,0.129,5146
20210526_182313_2628_1.jpg,1727,1776,84,138,0,0.6142,2646
20210526_182313_2628_1.jpg,1465,1502,84,133,0,0.1975,1813
20210614_154716_15574_3.jpg,1309,1532,748,911,0,0.2081,36349
20210614_154716_15574_3.jpg,1270,1475,822,1014,0,0.1434,39360
20210526_182313_1443_1.jpg,1673,1724,77,131,0,0.9846,2754
20210526_182313_1443_1.jpg,1488,1527,104,149,0,0.9797,1755
20210526_182313_1443_1.jpg,1656,1785,157,307,0,0.1159,19350
20210526_182313_4382_3.jpg,694,742,184,250,0,0.181,3168
20210526_182313_3692_3.jpg,674,737,190,265,1,0.3085,4725
20210526_170716_1131_3.jpg,826,1263,46,302,0,0.1601,111872
20210526_170716_2774_1.jpg,681,1411,21,571,1,0.1738,401500
20210526_182313_3107_3.jpg,678,735,188,262,1,0.2587,4218
20210526_182313_3617_3.jpg,681,734,198,264,0,0.2948,3498
20210526_182313_4307_3.jpg,676,735,191,262,1,0.4999,4189
20210526_182313_5342_3.jpg,682,742,189,266,1,0.4584,4620
20210526_182313_2283_3.jpg,668,754,201,291,0,0.2917,7740
20210526_182313_2283_3.jpg,680,737,187,260,1,0.1296,4161
20210526_182313_10636_3.jpg,464,535,71,164,1,0.9217,6603
20210618_151458_7280_3.jpg,60,174,17,112,0,0.1646,10830
20210526_182313_3182_3.jpg,682,736,195,257,0,0.1697,3348
20210526_182313_3182_3.jpg,666,758,195,285,0,0.1407,8280
20210526_182313_2553_3.jpg,691,753,181,257,1,0.2948,4712
20210526_165204_5970_3.jpg,829,1279,43,302,0,0.1122,116550
20210526_182313_11041_1.jpg,1069,1592,0,265,1,0.2308,138595
20210526_182313_11041_1.jpg,1038,1095,162,233,0,0.1924,4047
20210526_165204_5892_1.jpg,606,1248,20,893,1,0.2215,560466
20210526_163653_11345_1.jpg,452,535,215,327,0,0.284,9296
20210526_163653_11345_1.jpg,600,1060,63,572,0,0.2538,234140
20210526_165204_4174_1.jpg,779,1395,52,773,1,0.1475,444136
20210526_165204_4174_1.jpg,386,1103,62,830,1,0.1472,550656
20210614_154716_8635_1.jpg,1286,1328,272,322,0,0.484,2100
20210526_182313_5041_1.jpg,1761,1804,43,91,0,0.8634,2064
20210526_182313_5041_1.jpg,1575,1625,103,159,0,0.158,2800
20210526_182313_5041_1.jpg,1552,1685,152,334,0,0.138,24206
20210614_154716_15120_3.jpg,115,209,499,596,0,0.5605,9118
20210526_182313_3062_3.jpg,673,755,198,276,0,0.2021,6396
20210526_182313_2103_3.jpg,684,740,186,261,1,0.1682,4200
20210526_182313_2103_3.jpg,665,758,197,296,0,0.1429,9207
20210526_182313_993_3.jpg,689,750,182,264,1,0.5022,5002
20210526_182313_5221_1.jpg,1394,1443,49,114,0,0.9972,3185
20210618_151458_7904_1.jpg,0,76,39,168,0,0.1123,9804
20210526_182313_873_3.jpg,665,752,197,284,0,0.298,7569
20210526_165204_1342_1.jpg,646,1412,5,733,1,0.5833,557648
20210526_182313_11299_1.jpg,1271,1321,179,251,0,0.896,3600
20210526_182313_11299_1.jpg,1294,1364,179,261,0,0.1889,5740
20210526_182313_11299_1.jpg,1256,1343,183,281,0,0.1486,8526
20210526_182313_11299_1.jpg,1330,1420,154,261,0,0.1224,9630
20210526_182313_11299_1.jpg,1365,1451,151,249,0,0.1008,8428
20210526_182313_2733_3.jpg,686,748,184,262,1,0.4945,4836
20210526_182313_5266_3.jpg,681,742,188,265,1,0.296,4697
20210526_165204_3460_1.jpg,1150,1188,133,172,0,0.1786,1482
20210614_154716_17252_3.jpg,1123,1341,865,1078,0,0.9318,46434
20210618_151458_3074_1.jpg,96,214,90,227,0,0.3629,16166
20210526_182313_3557_3.jpg,683,742,193,267,1,0.4513,4366
20210526_182313_3512_3.jpg,678,739,192,269,1,0.1854,4697
20210526_182313_10576_3.jpg,683,733,178,242,0,0.5956,3200
20210526_165204_8909_1.jpg,639,1341,28,759,0,0.3069,513162
20210526_182313_3287_3.jpg,676,738,190,267,1,0.2648,4774
20210526_182313_2448_1.jpg,1677,1715,23,65,0,0.2273,1596
20210526_182313_5346_3.jpg,685,742,190,267,1,0.2969,4389
20210526_165204_9566_1.jpg,557,652,469,597,0,0.2732,12160
20210526_165204_9566_1.jpg,76,192,251,363,0,0.2534,12992
20210526_165204_9566_1.jpg,122,244,255,370,0,0.1947,14030
20210526_165204_9566_1.jpg,452,1055,54,930,0,0.1607,528228
20210526_182313_2613_3.jpg,686,753,179,264,1,0.362,5695
20210526_182313_11344_1.jpg,693,739,204,254,0,0.5022,2300
20210526_182313_1248_3.jpg,714,773,180,250,0,0.7289,4130
20210526_182313_1833_3.jpg,682,760,187,274,0,0.1871,6786
20210526_170716_2530_1.jpg,676,1550,14,709,1,0.1928,607430
20210526_182313_2343_3.jpg,676,759,195,289,0,0.1767,7802
20210526_182313_2343_3.jpg,685,738,189,259,1,0.109,3710
20210618_151458_7340_3.jpg,1080,1416,33,219,0,0.1584,62496
20210526_182313_4517_3.jpg,687,752,182,257,1,0.2174,4875
20210614_154716_14943_3.jpg,767,844,250,352,0,0.3473,7854
20210614_154716_14943_3.jpg,2,45,726,804,0,0.154,3354
20210526_163653_3520_1.jpg,945,1037,308,409,0,0.3522,9292
20210526_163653_3520_1.jpg,931,1005,287,373,0,0.1494,6364
20210526_182313_2493_3.jpg,497,586,360,474,0,0.1278,10146
20210526_182313_1293_1.jpg,352,441,380,468,0,0.5637,7832
20210526_182313_1293_1.jpg,549,1125,32,899,0,0.1225,499392
20210614_154716_8650_1.jpg,1127,1172,289,346,0,0.4802,2565
20210526_182313_1504_3.jpg,687,748,184,259,1,0.2804,4575
20210526_182313_5026_3.jpg,693,757,184,261,1,0.4001,4928
20210526_182313_5026_3.jpg,660,782,219,353,0,0.1167,16348
20210526_182313_1638_3.jpg,691,754,181,265,1,0.2627,5292
20210526_165204_1981_1.jpg,889,957,184,267,0,0.1558,5644
20210526_182313_4472_3.jpg,689,752,180,255,1,0.1855,4725
20210618_151458_11263_3.jpg,247,327,30,102,0,0.1412,5760
20210526_163653_2558_1.jpg,1752,1788,40,80,0,0.3531,1440
20210526_163653_2558_1.jpg,1877,1914,23,99,0,0.2971,2812
20210526_163653_2558_1.jpg,1659,1787,4,71,0,0.1259,8576
20210526_182313_3752_3.jpg,675,739,191,268,1,0.2686,4928
20210526_182313_739_3.jpg,522,563,46,103,0,0.2035,2337
20210526_182313_1008_3.jpg,689,753,179,262,1,0.1666,5312
20210614_154716_8529_1.jpg,444,601,7,109,0,0.1864,16014
20210614_154716_8529_1.jpg,425,526,13,90,0,0.1126,7777
20210526_163653_1247_1.jpg,795,945,434,632,0,0.2691,29700
20210526_182313_4592_3.jpg,712,771,175,249,1,0.619,4366
20210526_182313_4592_3.jpg,1364,1486,782,868,0,0.1506,10492
20210526_182313_5435_3.jpg,682,743,189,263,0,0.2184,4514
20210526_182313_739_1.jpg,1510,1563,73,136,0,0.9194,3339
20210526_170716_1498_1.jpg,680,1382,27,718,1,0.3903,485082
20210526_182313_3752_1.jpg,1509,1534,48,80,0,0.1319,800
20210526_182313_11592_1.jpg,1757,1809,16,68,0,0.7438,2704
20210526_165204_5388_3.jpg,848,1230,41,271,0,0.2529,87860
20210614_154716_5321_1.jpg,467,673,479,708,0,0.192,47174
20210526_165204_1981_3.jpg,615,1013,121,519,0,0.1713,158404
20210526_182313_5026_1.jpg,1849,1898,12,63,0,0.2519,2499
20210526_182313_5026_1.jpg,1678,1714,80,125,0,0.2509,1620
20210526_182313_5026_1.jpg,1631,1755,100,308,0,0.2115,25792
20210526_163653_2908_1.jpg,1428,1513,212,304,0,0.1869,7820
20210526_182313_11653_1.jpg,1045,1131,189,287,0,0.9955,8428
20210526_182313_1293_3.jpg,715,770,175,243,0,0.7862,3740
20210526_163653_3013_1.jpg,194,287,470,569,0,0.9623,9207
20210526_163653_3013_1.jpg,667,744,277,386,0,0.1003,8393
20210526_163653_3013_1.jpg,689,782,296,395,0,0.1002,9207
20210526_182313_11026_1.jpg,1471,1507,64,105,0,0.2004,1476
20210618_151458_8111_1.jpg,1106,1302,441,605,1,0.1267,32144
20210526_182313_440_1.jpg,1493,1547,46,116,0,0.9608,3780
20210526_182313_440_1.jpg,340,401,286,361,0,0.9285,4575
20210526_182313_2493_1.jpg,1184,1238,131,192,0,0.985,3294
20210526_182313_2118_3.jpg,684,741,186,260,1,0.1286,4218
20210526_182313_10651_3.jpg,722,804,62,162,1,0.8875,8200
20210526_170716_2530_3.jpg,1243,1359,679,763,0,0.1302,9744
20210526_182313_5630_3.jpg,683,738,194,260,1,0.2018,3630
20210526_182313_1248_1.jpg,1520,1568,94,162,0,0.1278,3264
20210526_182313_2448_3.jpg,692,763,185,266,0,0.2806,5751
20210614_154716_6114_3.jpg,390,456,509,569,0,0.2403,3960
20210526_182313_2613_1.jpg,1841,1890,39,92,0,0.6479,2597
20210526_182313_2613_1.jpg,1635,1672,44,83,0,0.2834,1443
20210526_182313_2613_1.jpg,1656,1712,85,201,0,0.2581,6496
20210526_165204_9566_3.jpg,828,1266,44,300,0,0.1513,112128
20210526_182313_3827_3.jpg,681,738,191,262,1,0.4784,4047
20210526_182313_5344_3.jpg,667,756,191,290,0,0.2204,8811
20210618_151458_11278_3.jpg,1559,1827,12,154,0,0.1161,38056
20210526_182313_1908_3.jpg,688,747,181,260,1,0.3688,4661
20210526_182313_1623_3.jpg,687,750,183,260,1,0.2025,4851
20210526_165204_3460_3.jpg,850,1251,45,303,0,0.1343,103458
20210526_182313_12331_1.jpg,827,914,247,343,0,0.9874,8352
20210526_182313_12331_1.jpg,1277,1347,220,291,0,0.8749,4970
20210526_182313_12331_1.jpg,927,1245,164,611,0,0.1362,142146
20210526_182313_1368_1.jpg,919,1046,503,675,0,0.2119,21844
20210526_182313_1368_1.jpg,497,625,331,468,0,0.1212,17536
20210526_182313_5266_1.jpg,557,662,25,166,0,0.1505,14805
20210526_182313_2568_3.jpg,666,751,188,297,0,0.239,9265
20210526_182313_2568_3.jpg,630,800,139,364,0,0.1953,38250
20210526_182313_2568_3.jpg,686,741,189,258,1,0.1388,3795
20210526_182313_2568_3.jpg,169,279,1,116,0,0.1195,12650
20210614_154716_15634_1.jpg,819,881,403,481,0,0.9592,4836
20210614_154716_15634_1.jpg,1253,1320,336,410,0,0.8317,4958
20210614_154716_15634_1.jpg,1248,1337,388,499,0,0.4396,9879
20210526_165204_1342_3.jpg,1296,1431,802,888,0,0.1157,11610
20210526_170716_2204_3.jpg,850,1263,49,304,0,0.1013,105315
20210526_182313_13048_1.jpg,1519,1571,27,90,0,0.3623,3276
20210526_182313_13048_1.jpg,1660,1704,57,109,0,0.2566,2288
20210614_154716_14958_3.jpg,249,356,182,304,0,0.1145,13054
20210526_182313_5221_3.jpg,683,742,189,263,1,0.2109,4366
20210526_165204_374_1.jpg,328,1188,23,784,1,0.1062,654460
20210526_182313_2358_3.jpg,686,754,189,268,0,0.1545,5372
20210526_182313_3122_3.jpg,678,760,188,272,0,0.2707,6888
20210526_182313_3167_3.jpg,676,737,188,264,1,0.3443,4636
20210526_182313_5101_1.jpg,688,788,348,458,0,0.9924,11000
20210526_182313_5101_1.jpg,439,520,457,540,0,0.83,6723
20210526_182313_5101_1.jpg,462,551,433,539,0,0.1857,9434
20210526_182313_2223_3.jpg,683,742,185,264,1,0.4606,4661
20210526_182313_1953_3.jpg,689,758,189,264,0,0.1918,5175
20210614_154716_15409_3.jpg,1349,1596,878,1068,0,0.9298,46930
20210614_154716_15409_3.jpg,1091,1587,166,511,0,0.1858,171120
20210526_163653_2619_1.jpg,960,1023,283,370,0,0.5603,5481
20210526_163653_2619_1.jpg,964,1073,263,364,0,0.1473,11009
20210526_163653_2619_1.jpg,942,998,287,359,0,0.1433,4032
20210526_163653_2619_1.jpg,588,662,219,311,0,0.1273,6808
20210526_182313_5146_3.jpg,683,744,186,264,1,0.146,4758
20210526_182313_4696_3.jpg,685,745,184,259,1,0.3013,4500
20210526_182313_4247_3.jpg,677,754,193,270,0,0.1636,5929
20210526_182313_784_3.jpg,691,766,181,257,0,0.3528,5700
20210526_182313_4202_3.jpg,679,738,190,264,1,0.5208,4366
20210526_182313_4202_3.jpg,665,757,204,290,0,0.194,7912
20210614_154716_15105_3.jpg,947,1859,23,777,1,0.1637,687648
20210614_154716_11726_3.jpg,1880,1920,365,427,0,0.1913,2480
20210526_182313_11982_1.jpg,1583,1627,73,127,0,0.8259,2376
20210526_182313_3797_3.jpg,675,740,194,266,1,0.2528,4680
20210526_163653_11360_1.jpg,416,1130,26,809,1,0.1913,559062
20210526_163653_11360_1.jpg,32,716,60,921,1,0.1333,588924
20210614_154716_15529_3.jpg,1255,1459,815,1055,0,0.7092,48960
20210614_154716_15529_3.jpg,967,1142,36,286,0,0.145,43750
20210526_182313_1758_3.jpg,686,751,184,267,1,0.4035,5395
20210526_182313_3632_3.jpg,682,734,198,262,0,0.4145,3328
20210526_182313_12815_1.jpg,1233,1315,252,360,0,0.9813,8856
20210526_182313_12815_1.jpg,1305,1406,508,589,0,0.2245,8181
20210526_182313_4367_3.jpg,679,737,181,253,0,0.4176,4176
20210526_182313_4367_3.jpg,676,756,190,292,0,0.1852,8160
20210526_182313_3677_3.jpg,679,733,197,262,0,0.2372,3510
20210526_182313_2898_3.jpg,689,749,185,260,1,0.3523,4500
20210526_182313_3362_3.jpg,703,768,183,257,0,0.2295,4810
20210526_182313_3362_3.jpg,725,888,71,222,0,0.1178,24613
20210526_182313_4637_3.jpg,688,761,187,266,0,0.1922,5767
20210614_154716_16950_3.jpg,1119,1646,183,511,0,0.1139,172856
20210614_154716_5387_1.jpg,757,842,464,573,0,0.8856,9265
20210614_154716_15649_3.jpg,1669,1909,366,543,0,0.2257,42480
20210526_163653_1632_1.jpg,470,1150,26,850,0,0.1252,560320
20210526_165204_5403_3.jpg,745,845,398,547,0,0.1707,14900
20210526_170716_275_1.jpg,1061,1204,271,448,0,0.1023,25311
20210526_182313_5343_3.jpg,674,742,189,266,1,0.4636,5236
20210526_182313_4007_3.jpg,678,758,198,275,0,0.2604,6160
20210526_165204_7201_3.jpg,833,1250,44,285,0,0.1948,100497
20210526_182313_3242_3.jpg,677,737,188,267,1,0.3973,4740
20210526_182313_3242_3.jpg,1109,1215,407,488,0,0.1009,8586
20210526_182313_12463_1.jpg,1164,1211,157,213,0,0.4987,2632
20210614_154716_6169_1.jpg,600,782,445,587,0,0.1562,25844
20210614_154716_2861_1.jpg,979,1030,352,423,0,0.7475,3621
20210614_154716_2861_1.jpg,937,1032,339,438,0,0.1335,9405
20210526_182313_4082_3.jpg,680,739,192,259,1,0.1833,3953
20210526_165204_8894_1.jpg,656,1556,5,611,1,0.1079,545400
20210614_154716_12449_3.jpg,1131,1918,64,703,1,0.1005,502893
20210526_182313_1173_1.jpg,694,787,321,424,0,0.4697,9579
20210526_182313_1173_1.jpg,842,1015,604,795,0,0.1083,33043
20210526_182313_1173_1.jpg,752,1508,14,765,0,0.1026,567756
20210618_151458_7593_1.jpg,16,107,46,159,0,0.1112,10283
20210526_182313_4921_3.jpg,178,269,0,72,0,0.2697,6552
20210526_163653_2953_1.jpg,1615,1650,63,107,0,0.3026,1540
20210526_182313_4127_3.jpg,674,741,191,271,1,0.5431,5360
20210526_182313_4127_3.jpg,524,981,50,516,0,0.1199,212962
20210526_182313_3437_3.jpg,676,741,191,270,0,0.3274,5135
20210526_170716_1401_3.jpg,720,846,44,131,0,0.1117,10962
20210526_182313_3947_3.jpg,678,741,190,267,1,0.5314,4851
20210526_170716_1401_1.jpg,933,998,130,227,0,0.8561,6305
20210526_182313_3902_3.jpg,673,738,192,266,1,0.3272,4810
20210526_165204_5012_1.jpg,864,1572,0,664,1,0.3328,470112
20210614_154716_6375_3.jpg,1127,1735,123,571,0,0.1131,272384
20210526_182313_4921_1.jpg,1494,1544,114,176,0,0.9375,3100
20210526_182313_4921_1.jpg,1281,1336,146,215,0,0.5305,3795
20210526_182313_1173_3.jpg,681,740,185,266,1,0.3233,4779
20210526_165204_8894_3.jpg,847,1252,35,277,0,0.1719,98010
20210614_154716_2861_3.jpg,1564,1915,239,727,1,0.1264,171288
20210526_182313_1743_3.jpg,1563,1750,14,205,0,0.3681,35717
20210526_182313_1743_3.jpg,1506,1659,6,149,0,0.2073,21879
20210526_182313_1743_3.jpg,687,747,183,260,1,0.1979,4620
20210526_182313_4966_3.jpg,710,763,181,245,0,0.5344,3392
20210526_182313_4966_3.jpg,1387,1481,778,854,0,0.2187,7144
20210526_182313_1053_3.jpg,683,768,181,268,0,0.272,7395
20210526_182313_11637_1.jpg,1313,1386,116,195,0,0.9822,5767
20210618_151458_6899_3.jpg,11,243,13,175,0,0.1011,37584
20210618_151458_279_3.jpg,570,849,9,170,0,0.188,44919
20210618_151458_279_3.jpg,806,957,6,82,0,0.1756,11476
20210526_182313_2238_3.jpg,668,755,199,283,0,0.265,7308
20210526_182313_2238_3.jpg,487,587,362,488,0,0.1849,12600
20210526_182313_2238_3.jpg,684,738,191,255,0,0.1198,3456
20210526_165204_5403_1.jpg,1312,1364,127,197,0,0.3342,3640
20210526_182313_4846_3.jpg,688,741,187,252,0,0.3244,3445
20210614_154716_8634_3.jpg,1570,1902,243,697,1,0.1183,150728
20210614_154716_15649_1.jpg,1033,1101,383,456,0,0.8703,4964
20210614_154716_15649_1.jpg,252,349,514,627,0,0.7455,10961
20210614_154716_15649_1.jpg,860,951,520,635,0,0.6059,10465
20210526_163653_1768_1.jpg,1719,1759,60,114,0,0.3401,2160
20210526_182313_4637_1.jpg,1842,1919,176,314,0,0.1401,10626
20210526_182313_3362_1.jpg,1258,1324,237,315,0,0.8116,5148
20210526_182313_3362_1.jpg,958,1020,250,334,0,0.7555,5208
20210614_154716_5387_3.jpg,1727,1862,25,183,0,0.1691,21330
20210526_182313_5341_3.jpg,678,739,190,271,1,0.5433,4941
20210526_163653_3333_1.jpg,239,331,371,466,0,0.6434,8740
20210526_163653_3333_1.jpg,411,1146,32,939,1,0.3379,666645
20210526_163653_3333_1.jpg,276,414,369,505,0,0.1626,18768
20210526_182313_4367_1.jpg,1882,1918,28,96,0,0.1053,2448
20210526_182313_4367_1.jpg,1742,1804,103,175,0,0.1008,4464
20210614_154716_12124_1.jpg,705,773,450,530,0,0.2212,5440
20210614_154716_12124_1.jpg,1445,1626,0,150,0,0.1041,27150
20210526_165204_5955_1.jpg,503,1311,3,818,1,0.2843,658520
20210526_170716_1191_1.jpg,1510,1580,142,235,0,0.1777,6510
20210526_182313_5555_3.jpg,670,756,196,289,0,0.2364,7998
20210526_182313_5555_3.jpg,682,737,193,259,0,0.2186,3630
20210526_182313_5555_3.jpg,1410,1572,12,151,0,0.1335,22518
20210526_182313_5510_3.jpg,680,741,192,269,1,0.3306,4697
20210526_182313_1503_3.jpg,685,747,184,262,1,0.2477,4836
20210614_154716_6329_3.jpg,0,37,735,796,0,0.171,2257
20210526_182313_3797_1.jpg,939,976,160,205,0,0.3015,1665
20210526_165204_8835_3.jpg,596,1007,75,474,0,0.1049,163989
20210618_151458_10589_3.jpg,237,318,36,102,0,0.121,5346
20210614_154716_11681_3.jpg,1611,1920,252,744,1,0.1002,152028
20210526_182313_2688_3.jpg,686,747,182,258,1,0.2279,4636
20210526_182313_12478_1.jpg,481,606,628,803,0,0.4652,21875
20210526_182313_12478_1.jpg,925,973,217,277,0,0.4646,2880
20210526_182313_12478_1.jpg,917,1088,625,825,0,0.2565,34200
20210526_182313_12478_1.jpg,935,1102,253,413,0,0.1609,26720
20210526_182313_13094_1.jpg,1000,1082,186,284,0,0.9991,8036
20210526_182313_13094_1.jpg,667,725,196,280,0,0.9961,4872
20210526_182313_13094_1.jpg,697,773,321,430,0,0.2129,8284
20210526_182313_13094_1.jpg,1066,1188,515,606,0,0.101,11102
20210618_151458_14230_1.jpg,194,319,102,239,0,0.189,17125
20210526_165204_4997_3.jpg,856,1263,47,304,0,0.1438,104599
20210618_151458_8036_3.jpg,73,212,54,188,0,0.3963,18626
20210618_151458_8036_3.jpg,137,218,77,174,0,0.188,7857
20210526_182313_2883_3.jpg,684,747,183,262,1,0.4383,4977
20210526_182313_5101_3.jpg,686,736,190,252,0,0.1459,3100
20210614_154716_2883_1.jpg,326,427,441,549,0,0.1953,10908
20210526_182313_1968_3.jpg,691,745,184,258,1,0.2886,3996
20210526_170716_686_1.jpg,465,1265,0,792,1,0.1717,633600
20210526_182313_5361_3.jpg,680,741,189,264,1,0.296,4575
20210526_163653_10286_1.jpg,910,993,299,408,0,0.7196,9047
20210526_182313_2793_1.jpg,1837,1909,103,211,0,0.1036,7776
20210618_151458_2783_1.jpg,385,517,555,690,0,0.383,17820
20210618_151458_2783_1.jpg,624,938,164,659,0,0.1042,155430
20210526_165204_1430_1.jpg,478,1323,7,830,1,0.2154,695435
20210526_165204_1430_1.jpg,1665,1772,3,87,0,0.1387,8988
20210526_182313_2673_1.jpg,127,224,411,518,0,0.9759,10379
20210526_182313_2673_1.jpg,642,738,444,525,0,0.3567,7776
20210526_182313_2673_1.jpg,646,818,406,597,0,0.1086,32852
20210614_154716_2839_3.jpg,1204,1511,171,383,0,0.122,65084
20210526_182313_5281_3.jpg,680,741,188,268,1,0.4624,4880
20210526_182313_5615_3.jpg,684,746,192,265,1,0.2774,4526
20210526_182313_3887_3.jpg,675,741,190,267,1,0.394,5082
20210526_163653_11433_1.jpg,458,1141,5,716,1,0.4137,485613
20210526_163653_11433_1.jpg,23,701,39,866,1,0.1253,560706
20210526_182313_1848_3.jpg,691,752,181,262,1,0.1712,4941
20210614_154716_5398_1.jpg,153,273,562,695,0,0.9455,15960
20210614_154716_5365_1.jpg,1288,1361,334,404,0,0.314,5110
20210614_154716_5365_1.jpg,1285,1338,326,374,0,0.1312,2544
20210614_154716_12494_1.jpg,851,903,354,413,0,0.2505,3068
20210614_154716_2806_1.jpg,934,997,401,476,0,0.2377,4725
20210526_182313_1683_3.jpg,683,742,182,259,1,0.1961,4543
20210526_182313_12740_1.jpg,1622,1664,97,149,0,0.4073,2184
20210526_182313_12740_1.jpg,1244,1287,45,112,0,0.2973,2881
20210526_165204_9849_3.jpg,991,1109,355,452,0,0.1405,11446
20210526_165204_9849_3.jpg,1417,1516,915,992,0,0.1365,7623
20210526_182313_5206_1.jpg,1588,1637,25,78,0,0.9863,2597
20210526_182313_2508_3.jpg,682,743,184,258,1,0.4595,4514
20210614_154716_7779_3.jpg,1074,1635,174,485,0,0.1266,174471
20210526_182313_2058_3.jpg,688,759,186,269,0,0.226,5893
20210526_182313_5086_1.jpg,1169,1238,198,285,0,0.9995,6003
20210526_182313_5086_1.jpg,890,964,291,376,0,0.9375,6290
20210526_182313_4457_1.jpg,1732,1871,208,396,0,0.1137,26132
20210526_182313_4711_3.jpg,683,746,184,258,0,0.1465,4662
20210526_182313_2943_3.jpg,683,748,185,261,0,0.2499,4940
20210526_182313_1068_1.jpg,1655,1697,16,65,0,0.4176,2058
20210618_151458_7475_1.jpg,755,835,100,204,0,0.1303,8320
20210526_182313_1233_3.jpg,688,764,163,259,0,0.2198,7296
20210526_182313_1233_3.jpg,679,996,23,305,0,0.1234,89394
20210526_165204_1670_1.jpg,483,1252,9,737,1,0.1522,559832
20210526_182313_2178_3.jpg,690,744,182,256,0,0.199,3996
20210526_182313_2178_3.jpg,488,589,357,489,0,0.1041,13332
20210526_182313_6076_3.jpg,702,767,175,251,1,0.6339,4940
20210526_165204_1416_3.jpg,0,137,0,133,0,0.1321,18221
20210526_182313_5345_3.jpg,682,745,189,265,1,0.2628,4788
20210618_151458_8171_1.jpg,895,945,712,776,0,0.1092,3200
20210618_151458_11323_1.jpg,159,242,1,55,0,0.5074,4482
20210618_151458_11323_1.jpg,414,542,675,804,0,0.124,16512
20210526_182313_5495_3.jpg,680,739,189,265,1,0.3341,4484
20210526_163653_494_1.jpg,1654,1733,203,294,0,0.3218,7189
20210526_163653_494_1.jpg,1696,1752,183,272,0,0.2278,4984
20210618_151458_1344_1.jpg,149,225,888,988,0,0.1643,7600
20210526_182313_2748_3.jpg,1297,1469,46,220,0,0.2984,29928
20210526_182313_2748_3.jpg,687,752,183,261,1,0.2854,5070
20210526_182313_2748_3.jpg,1422,1621,16,219,0,0.2018,40397
20210618_151458_7860_3.jpg,44,305,3,129,0,0.109,32886
20210526_165204_1715_3.jpg,624,1009,131,559,0,0.1066,164780
20210526_170716_2024_1.jpg,693,1504,0,732,1,0.1149,593652
20210526_182313_1698_3.jpg,683,744,181,262,1,0.238,4941
20210618_151458_11323_3.jpg,1312,1451,226,361,0,0.197,18765
20210526_182313_799_3.jpg,689,771,178,268,0,0.2581,7380
20210526_182313_4577_3.jpg,704,763,178,246,0,0.461,4012
20210526_182313_4532_3.jpg,683,740,186,259,1,0.183,4161
20210618_151458_8171_3.jpg,1580,1837,17,155,0,0.1944,35466
20210526_163653_3505_1.jpg,1313,1379,190,282,0,0.604,6072
20210526_182313_6076_1.jpg,1230,1282,144,206,0,0.7974,3224
20210526_182313_6076_1.jpg,1059,1112,206,274,0,0.4197,3604
20210526_182313_6076_1.jpg,1210,1268,129,198,0,0.1178,4002
20210526_182313_6076_1.jpg,1593,1666,132,221,0,0.1049,6497
20210614_154716_8574_1.jpg,426,545,21,103,0,0.1207,9758
20210526_163653_2604_1.jpg,1282,1332,187,252,0,0.3238,3250
20210526_163653_2604_1.jpg,1406,1455,173,238,0,0.2835,3185
20210526_182313_2433_3.jpg,683,740,185,259,1,0.2069,4218
20210618_151458_7475_3.jpg,235,324,28,105,0,0.1159,6853
20210526_182313_1068_3.jpg,684,753,179,264,1,0.2148,5865
20210526_182313_1893_3.jpg,685,758,186,271,0,0.234,6205
20210614_154716_10948_3.jpg,1121,1535,209,483,0,0.1149,113436
20210526_182313_1188_3.jpg,686,749,183,259,1,0.2652,4788
20210618_151458_17265_1.jpg,151,261,42,138,0,0.1558,10560
20210618_151458_17265_1.jpg,386,451,405,490,0,0.1187,5525
20210526_163653_4933_1.jpg,1023,1643,0,223,1,0.1121,138260
20210526_182313_5086_3.jpg,685,743,185,262,1,0.1315,4466
20210526_182313_5086_3.jpg,675,760,198,295,0,0.1271,8245
20210618_151458_8051_3.jpg,262,369,21,123,0,0.2614,10914
20210526_182313_4457_3.jpg,691,761,188,266,0,0.1325,5460
20210526_163653_2559_1.jpg,1876,1914,33,90,0,0.5457,2166
20210526_182313_1308_3.jpg,714,769,173,245,0,0.7502,3960
20210526_182313_1308_3.jpg,716,846,94,257,0,0.1468,21190
20210526_182313_5206_3.jpg,683,750,169,253,0,0.1274,5628
20210526_182313_2508_1.jpg,878,952,184,271,0,0.9965,6438
20210526_182313_6135_3.jpg,703,764,175,251,0,0.4864,4636
20210526_182313_6135_3.jpg,1463,1579,88,209,0,0.192,14036
20210526_182313_6135_3.jpg,681,786,132,268,0,0.1409,14280
20210526_182313_4142_3.jpg,681,734,199,259,1,0.2394,3180
20210526_182313_3452_3.jpg,676,739,194,268,1,0.3277,4662
20210614_154716_12494_3.jpg,1,40,738,795,0,0.1151,2223
20210526_182313_3227_3.jpg,678,738,189,262,1,0.3411,4380
20210526_163653_10695_1.jpg,1149,1552,9,264,0,0.1152,102765
20210526_163653_10695_1.jpg,688,1453,51,779,1,0.1075,556920
20210526_182313_2163_3.jpg,681,759,187,268,0,0.2229,6318
20210526_163653_2893_1.jpg,1667,1749,133,237,0,0.3559,8528
20210526_163653_2893_1.jpg,1673,1715,146,215,0,0.3377,2898
20210526_165204_7303_1.jpg,655,1340,27,726,1,0.668,478815
20210526_182313_5326_3.jpg,681,740,191,268,1,0.3326,4543
20210526_182313_2673_3.jpg,684,747,186,262,1,0.3191,4788
20210618_151458_2783_3.jpg,21,270,9,153,0,0.1184,35856
20210526_182313_933_3.jpg,687,751,182,258,0,0.2604,4864
20210526_182313_12316_1.jpg,1496,1552,84,156,0,0.912,4032
20210526_182313_12316_1.jpg,1803,1847,52,100,0,0.8876,2112
20210526_182313_3572_3.jpg,680,735,197,264,0,0.2588,3685
20210614_154716_15694_3.jpg,1,41,737,802,0,0.1099,2600
20210526_182313_2793_3.jpg,684,748,185,262,1,0.2599,4928
20210526_182313_2043_3.jpg,690,747,184,259,1,0.2036,4275
20210526_163653_3521_1.jpg,895,970,297,398,0,0.1475,7575
20210526_163653_3521_1.jpg,910,990,321,426,0,0.1341,8400
20210526_165204_2970_3.jpg,1280,1442,792,879,0,0.196,14094
20210614_154716_2883_3.jpg,1112,1638,197,485,0,0.2468,151488
